Action,Property Type,Property Name,Property Description,Property Value Type,Property Schema Status,Property Visibility,Property Is Array,Property Value Type,String Property Value Min Length,String Property Value Max Length,Number Is Integer,Number Property Value Min,Number Property Value Max,Array Unique Items,Array Min Items,Array Max Items,Enum Values,Const Value,Property Regex,Property First Seen,Property Last Seen
IGNORE,User Property,[6sense] City,,,UNEXPECTED,VISIBLE,FALSE,,,,,,,,,,,,,2022-08-31,2025-06-07
,User Property,[6sense] Company Name,,string,,VISIBLE,FALSE,string,,,,,,,,,,,,2022-08-30,2025-06-07
IGNORE,User Property,[6sense] Country,,,UNEXPECTED,VISIBLE,FALSE,,,,,,,,,,,,,2022-08-30,2025-06-07
IGNORE,User Property,[6sense] Domain,,,UNEXPECTED,VISIBLE,FALSE,,,,,,,,,,,,,2022-08-30,2025-06-07
IGNORE,User Property,[6sense] Employee Count,,,UNEXPECTED,VISIBLE,FALSE,,,,,,,,,,,,,2022-08-31,2025-06-07
IGNORE,User Property,[6sense] Employee Range,,,UNEXPECTED,VISIBLE,FALSE,,,,,,,,,,,,,2022-08-31,2025-06-07
IGNORE,User Property,[6sense] Industry,,,UNEXPECTED,VISIBLE,FALSE,,,,,,,,,,,,,2022-08-31,2025-06-07
IGNORE,User Property,[6sense] Intent Score,,,UNEXPECTED,VISIBLE,FALSE,,,,,,,,,,,,,2022-08-30,2025-06-07
IGNORE,User Property,[6sense] Naics,,,UNEXPECTED,VISIBLE,FALSE,,,,,,,,,,,,,2022-08-31,2025-06-07
IGNORE,User Property,[6sense] Naics Description,,,UNEXPECTED,VISIBLE,FALSE,,,,,,,,,,,,,2022-08-31,2025-06-07
IGNORE,User Property,[6sense] Profile Fit,,,UNEXPECTED,VISIBLE,FALSE,,,,,,,,,,,,,2022-08-30,2025-06-07
IGNORE,User Property,[6sense] Region,,,UNEXPECTED,VISIBLE,FALSE,,,,,,,,,,,,,2022-08-31,2025-06-07
IGNORE,User Property,[6sense] Revenue Range,,,UNEXPECTED,VISIBLE,FALSE,,,,,,,,,,,,,2022-08-31,2025-06-07
IGNORE,User Property,[6sense] Segments,,,UNEXPECTED,VISIBLE,FALSE,,,,,,,,,,,,,2022-08-31,2025-06-07
IGNORE,User Property,[6sense] Sic,,,UNEXPECTED,VISIBLE,FALSE,,,,,,,,,,,,,2022-08-31,2025-06-07
IGNORE,User Property,[6sense] Sic Description,,,UNEXPECTED,VISIBLE,FALSE,,,,,,,,,,,,,2022-08-31,2025-06-07
IGNORE,User Property,[6sense] State,,,UNEXPECTED,VISIBLE,FALSE,,,,,,,,,,,,,2022-08-31,2025-06-07
,User Property,[Amplitude] [Flag] form-membership-flow,,any,,VISIBLE,FALSE,any,,,,,,,,,,,,2020-10-30,2025-06-07
IGNORE,User Property,[Experiment] ampl-web-experiment-11-8,,,UNEXPECTED,VISIBLE,FALSE,,,,,,,,,,,,,2024-11-13,2025-05-16
IGNORE,User Property,[Experiment] amplitude-analytics-cta-test,,,UNEXPECTED,VISIBLE,FALSE,,,,,,,,,,,,,2023-08-02,2025-06-07
IGNORE,User Property,[Experiment] careers-page-test,,,UNEXPECTED,VISIBLE,FALSE,,,,,,,,,,,,,2024-04-16,2025-06-07
IGNORE,User Property,[Experiment] corp-site-nav-signup-cta,,,UNEXPECTED,VISIBLE,FALSE,,,,,,,,,,,,,2023-07-11,2025-06-07
IGNORE,User Property,[Experiment] corpsite-header-navigation-hover-style,,,UNEXPECTED,VISIBLE,FALSE,,,,,,,,,,,,,2024-02-16,2025-06-07
IGNORE,User Property,[Experiment] corpsite-header-test,,,UNEXPECTED,VISIBLE,FALSE,,,,,,,,,,,,,2025-04-23,2025-04-23
IGNORE,User Property,[Experiment] corpsite-xss-test,,,UNEXPECTED,VISIBLE,FALSE,,,,,,,,,,,,,2025-04-23,2025-04-23
IGNORE,User Property,[Experiment] current,,,UNEXPECTED,VISIBLE,FALSE,,,,,,,,,,,,,2025-04-23,2025-04-23
IGNORE,User Property,[Experiment] Dummies-Autofill-Short-Form-Jan-2024,,,UNEXPECTED,VISIBLE,FALSE,,,,,,,,,,,,,2024-02-02,2025-06-06
IGNORE,User Property,[Experiment] enable-article-sidebar,,,UNEXPECTED,VISIBLE,FALSE,,,,,,,,,,,,,2025-01-21,2025-06-07
IGNORE,User Property,[Experiment] enable-google-one-tap-corpsite,,,UNEXPECTED,VISIBLE,FALSE,,,,,,,,,,,,,2025-01-09,2025-06-07
IGNORE,User Property,[Experiment] feature-exp-product-page_10292024,,,UNEXPECTED,VISIBLE,FALSE,,,,,,,,,,,,,2024-11-13,2025-06-07
IGNORE,User Property,[Experiment] free_trial_widget,,,UNEXPECTED,VISIBLE,FALSE,,,,,,,,,,,,,2025-02-19,2025-04-24
IGNORE,User Property,[Experiment] g-and-s-contact-sales-image-css-override,,,UNEXPECTED,VISIBLE,FALSE,,,,,,,,,,,,,2025-02-10,2025-06-07
IGNORE,User Property,[Experiment] get-started-copy,,,UNEXPECTED,VISIBLE,FALSE,,,,,,,,,,,,,2023-10-06,2025-06-06
IGNORE,User Property,[Experiment] get-started-header,,,UNEXPECTED,VISIBLE,FALSE,,,,,,,,,,,,,2023-08-31,2025-06-07
IGNORE,User Property,[Experiment] get-started-nov-24-rehaul,,,UNEXPECTED,VISIBLE,FALSE,,,,,,,,,,,,,2024-10-28,2025-06-07
IGNORE,User Property,[Experiment] get-started-on-blog-sticky-nav,,,UNEXPECTED,VISIBLE,FALSE,,,,,,,,,,,,,2025-01-09,2025-06-07
IGNORE,User Property,[Experiment] get-started-page--social-proof--trust-badges-2025-05-06,,,UNEXPECTED,VISIBLE,FALSE,,,,,,,,,,,,,2025-05-06,2025-06-07
IGNORE,User Property,[Experiment] get-started-page-cta-optimization-2025-04-22,,,UNEXPECTED,VISIBLE,FALSE,,,,,,,,,,,,,2025-04-22,2025-06-05
IGNORE,User Property,[Experiment] get-started-sept-24-overhaul,,,UNEXPECTED,VISIBLE,FALSE,,,,,,,,,,,,,2024-10-03,2025-06-07
IGNORE,User Property,[Experiment] hero-value-prop-split-test-variant-1-2025-05-22,,,UNEXPECTED,VISIBLE,FALSE,,,,,,,,,,,,,2025-05-30,2025-05-30
IGNORE,User Property,[Experiment] homepage-exp,,,UNEXPECTED,VISIBLE,FALSE,,,,,,,,,,,,,2025-04-23,2025-04-23
IGNORE,User Property,[Experiment] homepage-exp-2-aug-2024,,,UNEXPECTED,VISIBLE,FALSE,,,,,,,,,,,,,2024-08-13,2025-06-07
IGNORE,User Property,[Experiment] homepage-gamified-cta--social-proof-2025-04-22,,,UNEXPECTED,VISIBLE,FALSE,,,,,,,,,,,,,2025-04-22,2025-04-22
IGNORE,User Property,[Experiment] homepage-h1-copy-test-april-2024,,,UNEXPECTED,VISIBLE,FALSE,,,,,,,,,,,,,2024-04-02,2025-06-07
IGNORE,User Property,[Experiment] homepage-h2-get-started-cta-test-apr-2024,,,UNEXPECTED,VISIBLE,FALSE,,,,,,,,,,,,,2024-04-23,2025-06-07
IGNORE,User Property,[Experiment] homepage-light-theme,,,UNEXPECTED,VISIBLE,FALSE,,,,,,,,,,,,,2023-08-24,2025-06-07
IGNORE,User Property,[Experiment] homepage-refresh-may-2024,,,UNEXPECTED,VISIBLE,FALSE,,,,,,,,,,,,,2024-05-01,2025-06-07
IGNORE,User Property,[Experiment] internal-links-v2,,,UNEXPECTED,VISIBLE,FALSE,,,,,,,,,,,,,2025-02-26,2025-06-07
IGNORE,User Property,[Experiment] jeffrey-test,,,UNEXPECTED,VISIBLE,FALSE,,,,,,,,,,,,,2025-04-16,2025-05-11
IGNORE,User Property,[Experiment] lbm-hackathon,,,UNEXPECTED,VISIBLE,FALSE,,,,,,,,,,,,,2024-12-09,2025-05-06
IGNORE,User Property,[Experiment] lbm-hackathon-tim-test,,,UNEXPECTED,VISIBLE,FALSE,,,,,,,,,,,,,2024-12-09,2025-04-14
IGNORE,User Property,[Experiment] navbar-exp,,,UNEXPECTED,VISIBLE,FALSE,,,,,,,,,,,,,2025-04-23,2025-04-23
,User Property,[Experiment] new-org-activation-form,,any,,VISIBLE,FALSE,any,,,,,,,,,,,,2021-07-21,2025-06-07
,User Property,[Experiment] new-org-activation-short-form,,any,,VISIBLE,FALSE,any,,,,,,,,,,,,2021-07-16,2025-06-04
IGNORE,User Property,[Experiment] personalization-at-scale-lead-form--value-prop--social-proof-2025-04-22,,,UNEXPECTED,VISIBLE,FALSE,,,,,,,,,,,,,2025-04-22,2025-05-06
,User Property,[Experiment] pricing-page,,any,,VISIBLE,FALSE,any,,,,,,,,,,,,2021-09-30,2025-06-06
IGNORE,User Property,[Experiment] pricing-page-enterprise-plan-card,,,UNEXPECTED,VISIBLE,FALSE,,,,,,,,,,,,,2024-09-17,2025-06-07
IGNORE,User Property,[Experiment] pricing-page-hero-cta-enhancement-2025-06-06,,,UNEXPECTED,VISIBLE,FALSE,,,,,,,,,,,,,2025-06-06,2025-06-06
IGNORE,User Property,[Experiment] pricing-page-pricing-slider-test-june-2024,,,UNEXPECTED,VISIBLE,FALSE,,,,,,,,,,,,,2024-06-05,2025-06-07
,User Property,[Experiment] pricing-page-v2,,any,,VISIBLE,FALSE,any,,,,,,,,,,,,2021-12-14,2025-06-07
IGNORE,User Property,[Experiment] pricing-startups-layout,,,UNEXPECTED,VISIBLE,FALSE,,,,,,,,,,,,,2024-04-03,2025-06-07
IGNORE,User Property,[Experiment] q125-abx-solution-data-page-campaign-cta,,,UNEXPECTED,VISIBLE,FALSE,,,,,,,,,,,,,2025-01-29,2025-06-07
IGNORE,User Property,[Experiment] q125-blog-conversion-drivers-sidepanel-cta,,,UNEXPECTED,VISIBLE,FALSE,,,,,,,,,,,,,2025-02-19,2025-06-07
IGNORE,User Property,[Experiment] q125-corpsite-ai-chatgpt,,,UNEXPECTED,VISIBLE,FALSE,,,,,,,,,,,,,2025-04-23,2025-04-23
IGNORE,User Property,[Experiment] q125-corpsite-ai-chatgpt-traffic-referrer-butter-bar-content,,,UNEXPECTED,VISIBLE,FALSE,,,,,,,,,,,,,2025-03-11,2025-05-20
IGNORE,User Property,[Experiment] q125-getting-started-dynamic-copy,,,UNEXPECTED,VISIBLE,FALSE,,,,,,,,,,,,,2025-03-03,2025-06-07
IGNORE,User Property,[Experiment] q125-interactive-product-tour-copriste-homepage-explore-the-demo-cta,,,UNEXPECTED,VISIBLE,FALSE,,,,,,,,,,,,,2025-02-24,2025-06-07
IGNORE,User Property,[Experiment] q125-pricing-50k-to-10k-mtu-content,,,UNEXPECTED,VISIBLE,FALSE,,,,,,,,,,,,,2025-03-03,2025-06-07
IGNORE,User Property,[Experiment] q225-campaign-webinars-coffee-chat-known-user-form-redirect,,,UNEXPECTED,VISIBLE,FALSE,,,,,,,,,,,,,2025-04-30,2025-06-07
IGNORE,User Property,[Experiment] q225-homepage-headline-with-platform-messaging,,,UNEXPECTED,VISIBLE,FALSE,,,,,,,,,,,,,2025-04-07,2025-06-07
IGNORE,User Property,[Experiment] q225-homepage-scrolled-content,,,UNEXPECTED,VISIBLE,FALSE,,,,,,,,,,,,,2025-04-02,2025-06-07
IGNORE,User Property,[Experiment] q225-interactive-product-tour-v2-explore-the-demo-cta,,,UNEXPECTED,VISIBLE,FALSE,,,,,,,,,,,,,2025-04-25,2025-06-07
IGNORE,User Property,[Experiment] q225-navigation-dropdown-engagement-test,,,UNEXPECTED,VISIBLE,FALSE,,,,,,,,,,,,,2025-06-06,2025-06-06
IGNORE,User Property,[Experiment] q424-ai-generated-headlines-on-get-started,,,UNEXPECTED,VISIBLE,FALSE,,,,,,,,,,,,,2024-11-13,2025-06-07
IGNORE,User Property,[Experiment] q424-corpsite-homepage-easy-data-setup-module,,,UNEXPECTED,VISIBLE,FALSE,,,,,,,,,,,,,2024-12-12,2025-06-07
IGNORE,User Property,[Experiment] q424-explore-demo-cta,,,UNEXPECTED,VISIBLE,FALSE,,,,,,,,,,,,,2024-11-13,2025-06-07
IGNORE,User Property,[Experiment] q424-request-a-demo-experiment,,,UNEXPECTED,VISIBLE,FALSE,,,,,,,,,,,,,2024-11-13,2025-06-07
IGNORE,User Property,[Experiment] request-a-demo-form-cta,,,UNEXPECTED,VISIBLE,FALSE,,,,,,,,,,,,,2024-11-13,2025-06-07
IGNORE,User Property,[Experiment] review_extension,,,UNEXPECTED,VISIBLE,FALSE,,,,,,,,,,,,,2025-02-19,2025-04-24
,User Property,[Experiment] scholarship-short-form,,any,,VISIBLE,FALSE,any,,,,,,,,,,,,2021-08-27,2025-05-19
IGNORE,User Property,[Experiment] sticky-cta-bar-optimization--get-started-page-2025-04-24,,,UNEXPECTED,VISIBLE,FALSE,,,,,,,,,,,,,2025-04-24,2025-04-24
IGNORE,User Property,[Experiment] test,,,UNEXPECTED,VISIBLE,FALSE,,,,,,,,,,,,,2023-07-14,2025-06-07
IGNORE,User Property,[Experiment] test-key-kelson,,,UNEXPECTED,VISIBLE,FALSE,,,,,,,,,,,,,2023-07-11,2023-07-11
IGNORE,User Property,[Experiment] test-sanity_test-override,,,UNEXPECTED,VISIBLE,FALSE,,,,,,,,,,,,,2024-09-17,2025-06-07
IGNORE,User Property,[Experiment] test-web-experiment,,,UNEXPECTED,VISIBLE,FALSE,,,,,,,,,,,,,2025-03-04,2025-03-06
IGNORE,User Property,[Experiment] web-ex-redir-test,,,UNEXPECTED,VISIBLE,FALSE,,,,,,,,,,,,,2025-04-08,2025-04-08
IGNORE,User Property,[Experiment] web-experiment-page-test,,,UNEXPECTED,VISIBLE,FALSE,,,,,,,,,,,,,2024-11-13,2025-06-07
IGNORE,User Property,[Experiment] xss-test,,,UNEXPECTED,VISIBLE,FALSE,,,,,,,,,,,,,2025-04-08,2025-04-23
,User Property,[Mutiny] _All users a/b/c homepage hero test 030422 - product analytics,,any,,VISIBLE,FALSE,any,,,,,,,,,,,,2022-03-04,2025-06-07
,User Property,[Mutiny] _B2B companies - homepage hero logo bar - 040522,,any,,VISIBLE,FALSE,any,,,,,,,,,,,,2022-04-05,2025-06-07
,User Property,[Mutiny] _B2C Blog Readers,,any,,VISIBLE,FALSE,any,,,,,,,,,,,,2022-03-23,2025-06-06
,User Property,[Mutiny] _E-com companies - homepage hero logo bar - 040522,,any,,VISIBLE,FALSE,any,,,,,,,,,,,,2022-04-05,2025-06-07
,User Property,[Mutiny] _Ecommerce Blog Readers,,any,,VISIBLE,FALSE,any,,,,,,,,,,,,2022-03-23,2025-06-05
,User Property,"[Mutiny] _EMEA - Food Delivery - Contact Us, Home Page logos",,any,,VISIBLE,FALSE,any,,,,,,,,,,,,2022-06-01,2025-01-17
,User Property,[Mutiny] _EMEA Food Delivery Campaign - LinkedIn Paid Ads,,any,,VISIBLE,FALSE,any,,,,,,,,,,,,2022-05-24,2022-06-25
,User Property,[Mutiny] _EMEA Greco Awareness - LinkedIn Paid Social,,any,,VISIBLE,FALSE,any,,,,,,,,,,,,2022-05-24,2022-10-27
,User Property,[Mutiny] _EMEA Greco Awareness - Why I Joined - LinkedIn Paid Social,,any,,VISIBLE,FALSE,any,,,,,,,,,,,,2022-05-20,2022-05-24
,User Property,[Mutiny] _EMEA Greco Awareness Campaign - LinkedIn Paid Social,,any,,VISIBLE,FALSE,any,,,,,,,,,,,,2022-05-19,2025-05-15
,User Property,[Mutiny] _EMEA UK - London Product Club Banner,,any,,VISIBLE,FALSE,any,,,,,,,,,,,,2022-06-03,2025-06-05
,User Property,[Mutiny] _Finserv companies - homepage hero logo bar - 040522,,any,,VISIBLE,FALSE,any,,,,,,,,,,,,2022-04-05,2025-06-07
,User Property,[Mutiny] _First-time blog visitors,,any,,VISIBLE,FALSE,any,,,,,,,,,,,,2022-06-22,2025-06-06
,User Property,[Mutiny] _Get started branded PPC ad-to-LP personalization (051722),,any,,VISIBLE,FALSE,any,,,,,,,,,,,,2022-05-17,2025-06-06
,User Property,[Mutiny] _Homepage hero h1 for enterprise users - build better products,,any,,VISIBLE,FALSE,any,,,,,,,,,,,,2022-02-24,2025-06-04
,User Property,[Mutiny] _Homepage hero h1 for startup companies - product analytics,,any,,VISIBLE,FALSE,any,,,,,,,,,,,,2022-02-24,2025-06-07
,User Property,[Mutiny] _Homepage secondary hero banner CTA - 041422,,any,,VISIBLE,FALSE,any,,,,,,,,,,,,2022-04-14,2025-06-07
,User Property,[Mutiny] _Media Companies - homepage hero logo bar - 040522,,any,,VISIBLE,FALSE,any,,,,,,,,,,,,2022-04-12,2025-06-06
,User Property,[Mutiny] _On demand demo promo bar all pages minus home 041222,,any,,VISIBLE,FALSE,any,,,,,,,,,,,,2022-04-12,2025-06-07
,User Property,[Mutiny] _Retail Companies - homepage hero logo bar - 040522,,any,,VISIBLE,FALSE,any,,,,,,,,,,,,2022-04-12,2025-06-06
,User Property,[Mutiny] _Startup companies,,any,,VISIBLE,FALSE,any,,,,,,,,,,,,2022-02-24,2022-02-28
IGNORE,User Property,[Mutiny] _Unicorn - Blogs - Ungated,,,UNEXPECTED,VISIBLE,FALSE,,,,,,,,,,,,,2022-11-22,2024-10-16
IGNORE,User Property,[Mutiny] 6clicks_Online Demo Video Test,,,UNEXPECTED,VISIBLE,FALSE,,,,,,,,,,,,,2022-09-27,2025-06-06
,User Property,[Mutiny] All non-homepage pages for nav_Not SMB,,any,,VISIBLE,FALSE,any,,,,,,,,,,,,2022-01-12,2025-06-07
IGNORE,User Property,[Mutiny] Amazon Grocery_Amazon Grocery (Amazon),,,UNEXPECTED,VISIBLE,FALSE,,,,,,,,,,,,,2024-07-03,2025-03-26
IGNORE,User Property,[Mutiny] Amazon_Amazon,,,UNEXPECTED,VISIBLE,FALSE,,,,,,,,,,,,,2023-08-30,2024-01-02
,User Property,[Mutiny] Amplitude Staging Test_Tech,,any,,VISIBLE,FALSE,any,,,,,,,,,,,,,
IGNORE,User Property,[Mutiny] Amplitude vs GA4 ABM_FY23 Q1 AMER ENT Land Google Analytics ABM - All,,,UNEXPECTED,VISIBLE,FALSE,,,,,,,,,,,,,2023-04-03,2023-09-18
IGNORE,User Property,[Mutiny] Amplitude vs GA4 ABM_FY23 Q2 EMEA/APJ ENT Land Google Analytics,,,UNEXPECTED,VISIBLE,FALSE,,,,,,,,,,,,,2023-07-12,2023-07-17
IGNORE,User Property,[Mutiny] Amplitude vs GA4_FY23 Q1 AMER ENT Land Google Analytics ABM - All,,,UNEXPECTED,VISIBLE,FALSE,,,,,,,,,,,,,2023-03-08,2023-05-24
IGNORE,User Property,[Mutiny] Analytics Page_Online Demo Video Test,,,UNEXPECTED,VISIBLE,FALSE,,,,,,,,,,,,,2022-09-27,2025-05-27
,User Property,[Mutiny] B2B SaaS Exit Modal on the Blog_B2B SaaS Readers on the Blog,,any,,VISIBLE,FALSE,any,,,,,,,,,,,,2022-03-14,2025-06-07
,User Property,[Mutiny] Blog sidebar_Have not registered for Amplify,,any,,VISIBLE,FALSE,any,,,,,,,,,,,,2022-03-28,2025-06-06
,User Property,[Mutiny] Blog sidebar_Public companies,,any,,VISIBLE,FALSE,any,,,,,,,,,,,,2022-03-28,2023-06-28
IGNORE,User Property,[Mutiny] Cardinal Health_Cardinal Health,,,UNEXPECTED,VISIBLE,FALSE,,,,,,,,,,,,,2023-10-05,2023-10-06
,User Property,[Mutiny] clearbit_reveal.company.category.industry,clearbit reveal - most specific industry tag (sector > industry group > industry),any,,VISIBLE,FALSE,any,,,,,,,,,,,,2018-09-16,2025-06-07
,User Property,[Mutiny] clearbit_reveal.company.category.industryGroup,clearbit reveal - 2nd most specific industry tag (sector > industry group > industry),any,,VISIBLE,FALSE,any,,,,,,,,,,,,2018-09-16,2025-06-07
,User Property,[Mutiny] clearbit_reveal.company.category.sector,clearbit reveal - broadest industry tag (sector > industry group > industry),any,,VISIBLE,FALSE,any,,,,,,,,,,,,2018-09-16,2025-06-07
,User Property,[Mutiny] clearbit_reveal.company.metrics.employeesRange,clearbit reveal - employee count range,any,,VISIBLE,FALSE,any,,,,,,,,,,,,2018-09-16,2025-06-07
,User Property,[Mutiny] clearbit_reveal.company.name,clearbit reveal - company name,any,,VISIBLE,FALSE,any,,,,,,,,,,,,2018-09-16,2025-06-07
,User Property,[Mutiny] clearbit_reveal.company.tags,"clearbit reveal - company tags related to business model, ex. B2B, SaaS, Mobile, ecommerce",any,,VISIBLE,FALSE,any,,,,,,,,,,,,2018-09-16,2025-06-07
,User Property,[Mutiny] clearbit_reveal.company.tech,clearbit reveal - tech used by company,any,,VISIBLE,FALSE,any,,,,,,,,,,,,2018-09-16,2025-06-07
,User Property,[Mutiny] Contact Sales - Drift_50+ employees,,any,,VISIBLE,FALSE,any,,,,,,,,,,,,2018-12-06,2025-06-06
,User Property,[Mutiny] Contact Sales - Homepage_EMEA Enterprise Accounts,,any,,VISIBLE,FALSE,any,,,,,,,,,,,,2022-06-21,2025-06-05
,User Property,[Mutiny] Contact Sales CTA - Nav Bar Universal_EMEA Enterprise Accounts,,any,,VISIBLE,FALSE,any,,,,,,,,,,,,2022-06-21,2025-06-03
IGNORE,User Property,[Mutiny] Copy of Finserv homepage_Mutiny Test,,,UNEXPECTED,VISIBLE,FALSE,,,,,,,,,,,,,2022-10-03,2024-10-16
,User Property,[Mutiny] Corporate website_Large,Mutiny experiment Aug. 2018 testing headline & copy edits by company size. Large = 1000+ employees,any,,VISIBLE,FALSE,any,,,,,,,,,,,,2018-09-16,2025-06-06
,User Property,[Mutiny] Corporate website_Medium,Mutiny experiment Aug. 2018 testing headline & copy edits by company size. Medium = 50-100 employees,any,,VISIBLE,FALSE,any,,,,,,,,,,,,2018-09-16,2025-06-07
,User Property,[Mutiny] Corporate website_Small,Mutiny experiment Aug. 2018 testing headline & copy edits by company size. Small = Less than 50 employees,any,,VISIBLE,FALSE,any,,,,,,,,,,,,2018-09-16,2025-06-07
,User Property,[Mutiny] Corporate Website_Small,,any,,VISIBLE,FALSE,any,,,,,,,,,,,,2019-01-21,2025-06-07
IGNORE,User Property,[Mutiny] Customers Page_Online Demo Video Test,,,UNEXPECTED,VISIBLE,FALSE,,,,,,,,,,,,,2022-09-27,2025-06-06
IGNORE,User Property,[Mutiny] Dell_Dell,,,UNEXPECTED,VISIBLE,FALSE,,,,,,,,,,,,,2024-07-01,2024-07-01
IGNORE,User Property,[Mutiny] DIA (EMEA_DIA (EMEA),,,UNEXPECTED,VISIBLE,FALSE,,,,,,,,,,,,,2024-06-30,2024-07-15
,User Property,[Mutiny] Digital Analytics_A/b test new homepage #1 vs digital analytics 040122,,any,,VISIBLE,FALSE,any,,,,,,,,,,,,2022-04-01,2025-06-07
,User Property,[Mutiny] Easiest for startups_<1K EEs,,any,,VISIBLE,FALSE,any,,,,,,,,,,,,2021-03-22,2025-06-07
,User Property,[Mutiny] Email only signup (revision: 2)_Large,,any,,VISIBLE,FALSE,any,,,,,,,,,,,,2018-10-19,2025-06-06
,User Property,[Mutiny] Email only signup (revision: 2)_Medium,,any,,VISIBLE,FALSE,any,,,,,,,,,,,,2018-10-19,2025-06-07
,User Property,[Mutiny] Email only signup (revision: 2)_Small,,any,,VISIBLE,FALSE,any,,,,,,,,,,,,2018-10-19,2025-06-07
,User Property,[Mutiny] Email only signup (revision: 2)_Unidentified company size,,any,,VISIBLE,FALSE,any,,,,,,,,,,,,2018-10-19,2025-06-07
,User Property,[Mutiny] Email only signup_Large,,any,,VISIBLE,FALSE,any,,,,,,,,,,,,2018-09-27,2025-06-06
,User Property,[Mutiny] Email only signup_Medium,,any,,VISIBLE,FALSE,any,,,,,,,,,,,,2018-09-27,2025-06-07
,User Property,[Mutiny] Email only signup_Small,,any,,VISIBLE,FALSE,any,,,,,,,,,,,,2018-09-27,2025-06-07
,User Property,[Mutiny] Email only signup_Tech,,any,,VISIBLE,FALSE,any,,,,,,,,,,,,2018-09-24,2025-05-30
,User Property,[Mutiny] Email only signup_Unidentified company size,,any,,VISIBLE,FALSE,any,,,,,,,,,,,,2018-09-27,2025-06-07
,User Property,[Mutiny] Finance homepage_Financial Services (SFDC),,any,,VISIBLE,FALSE,any,,,,,,,,,,,,2021-03-04,2025-06-07
,User Property,[Mutiny] Fintech Exit Modal on the Blog_Fintech Blog Readers,,any,,VISIBLE,FALSE,any,,,,,,,,,,,,2022-03-14,2025-06-06
IGNORE,User Property,[Mutiny] GA Questions Blog ABM_FY23 Q1 AMER ENT Land Efficient Growth ABM (Digital Transformer),,,UNEXPECTED,VISIBLE,FALSE,,,,,,,,,,,,,2023-04-14,2024-11-07
IGNORE,User Property,[Mutiny] GA Questions Blog ABM_FY23 Q1 AMER ENT Land Google Analytics ABM - All,,,UNEXPECTED,VISIBLE,FALSE,,,,,,,,,,,,,2023-04-26,2024-11-05
IGNORE,User Property,[Mutiny] GA4 FAQ Blog ABM_FY23 Q1 AMER ENT Land Efficient Growth ABM (Digital Transformer),,,UNEXPECTED,VISIBLE,FALSE,,,,,,,,,,,,,2023-05-02,2024-09-23
,User Property,[Mutiny] get-started_B2B Companies (SFDC),,any,,VISIBLE,FALSE,any,,,,,,,,,,,,2019-06-28,2025-06-07
,User Property,[Mutiny] get-started_Consumer Tech (SFDC),,any,,VISIBLE,FALSE,any,,,,,,,,,,,,2019-07-02,2025-06-07
,User Property,[Mutiny] get-started_E-Comm/Marketplace (SFDC),,any,,VISIBLE,FALSE,any,,,,,,,,,,,,2019-07-01,2025-06-05
,User Property,[Mutiny] get-started_Financial Services (SFDC),,any,,VISIBLE,FALSE,any,,,,,,,,,,,,2019-07-02,2024-10-02
,User Property,[Mutiny] get-started_Media (SFDC),,any,,VISIBLE,FALSE,any,,,,,,,,,,,,2019-07-02,2025-06-02
IGNORE,User Property,[Mutiny] Home Depot_Home Depot,,,UNEXPECTED,VISIBLE,FALSE,,,,,,,,,,,,,2023-09-21,2023-09-26
IGNORE,User Property,[Mutiny] Homepage + All Pages_Home Depot 1:1 Page,,,UNEXPECTED,VISIBLE,FALSE,,,,,,,,,,,,,2023-07-19,2024-04-18
IGNORE,User Property,[Mutiny] Homepage + All Pages_Nike,,,UNEXPECTED,VISIBLE,FALSE,,,,,,,,,,,,,2023-07-19,2024-10-04
IGNORE,User Property,[Mutiny] Homepage + All Pages_Pinterest,,,UNEXPECTED,VISIBLE,FALSE,,,,,,,,,,,,,2023-08-24,2023-08-24
IGNORE,User Property,[Mutiny] Homepage ABM Efficient Growth (Digital Native)_FY23 Q1 AMER ENT Land Efficient Growth ABM (Digital Natives),,,UNEXPECTED,VISIBLE,FALSE,,,,,,,,,,,,,2023-03-22,2023-06-21
IGNORE,User Property,[Mutiny] Homepage ABM Efficient Growth (Digital Transformer)_FY23 Q1 AMER ENT Land Efficient Growth ABM (Digital Transformer),,,UNEXPECTED,VISIBLE,FALSE,,,,,,,,,,,,,2023-03-11,2023-07-18
IGNORE,User Property,[Mutiny] Homepage ABM_FY23 Q1 AMER ENT Land Google Analytics ABM - All,,,UNEXPECTED,VISIBLE,FALSE,,,,,,,,,,,,,2023-03-08,2025-06-02
IGNORE,User Property,[Mutiny] Homepage ABM_FY23 Q2 EMEA/APJ ENT Land Google Analytics,,,UNEXPECTED,VISIBLE,FALSE,,,,,,,,,,,,,2023-06-08,2023-06-08
IGNORE,User Property,[Mutiny] Homepage Demo CTA Tests_All Traffic,,,UNEXPECTED,VISIBLE,FALSE,,,,,,,,,,,,,2023-02-01,2025-06-06
,User Property,[Mutiny] Homepage hero banner CTA_6sense decision and purchase users,,any,,VISIBLE,FALSE,any,,,,,,,,,,,,2022-02-24,2022-04-19
,User Property,[Mutiny] Homepage hero banner CTA_SMB,,any,,VISIBLE,FALSE,any,,,,,,,,,,,,2022-01-12,2025-06-07
,User Property,[Mutiny] Homepage Hero CTA â€“ Explore Demo (vs Contact Sales)_<5000 Employees,,any,,VISIBLE,FALSE,any,,,,,,,,,,,,2022-07-21,2025-06-07
IGNORE,User Property,[Mutiny] Homepage signup CTA Test_All Traffic,,,UNEXPECTED,VISIBLE,FALSE,,,,,,,,,,,,,2023-03-08,2025-06-06
,User Property,[Mutiny] Homepage_Not SMB,,any,,VISIBLE,FALSE,any,,,,,,,,,,,,2022-01-12,2025-06-07
,User Property,[Mutiny] last experience,last Mutiny experience a user was part of,any,,VISIBLE,FALSE,any,,,,,,,,,,,,2018-09-16,2025-06-07
,User Property,[Mutiny] Main menu CTA_SMB,,any,,VISIBLE,FALSE,any,,,,,,,,,,,,2022-01-12,2025-06-07
,User Property,[Mutiny] Media Exit Modal on the Blog_Media Readers for the Blog,,any,,VISIBLE,FALSE,any,,,,,,,,,,,,2022-03-15,2025-06-06
IGNORE,User Property,[Mutiny] Microsoft_Microsoft,,,UNEXPECTED,VISIBLE,FALSE,,,,,,,,,,,,,2023-09-29,2025-03-04
,User Property,[Mutiny] Mutiny Test_Mutiny Test,,any,,VISIBLE,FALSE,any,,,,,,,,,,,,2022-05-17,2024-10-16
,User Property,[Mutiny] Navigation CTA_6sense decision and purchase users,,any,,VISIBLE,FALSE,any,,,,,,,,,,,,2022-02-18,2025-06-07
,User Property,[Mutiny] Navigation CTA_Nav CTA for 6sense decision and purchase users,,any,,VISIBLE,FALSE,any,,,,,,,,,,,,2022-02-24,2025-06-07
IGNORE,User Property,[Mutiny] Nike (Main)_Nike,,,UNEXPECTED,VISIBLE,FALSE,,,,,,,,,,,,,2023-09-05,2023-12-13
,User Property,[Mutiny] null_20VC Visitors,,any,,VISIBLE,FALSE,any,,,,,,,,,,,,2020-07-08,2023-06-21
,User Property,[Mutiny] null_B2B Companies (SFDC),,any,,VISIBLE,FALSE,any,,,,,,,,,,,,2019-06-27,2025-06-07
,User Property,[Mutiny] null_Consumer Tech (SFDC),,any,,VISIBLE,FALSE,any,,,,,,,,,,,,2019-06-28,2025-06-05
,User Property,[Mutiny] null_E-Comm/Marketplace (SFDC),,any,,VISIBLE,FALSE,any,,,,,,,,,,,,2019-06-28,2025-04-15
,User Property,[Mutiny] null_Financial Services (SFDC),,any,,VISIBLE,FALSE,any,,,,,,,,,,,,2019-06-28,2025-06-05
,User Property,[Mutiny] null_Financials,,any,,VISIBLE,FALSE,any,,,,,,,,,,,,2021-02-10,2025-06-06
,User Property,[Mutiny] null_Get started and sales contact logos for B2B Companies (SFDC),,any,,VISIBLE,FALSE,any,,,,,,,,,,,,2022-02-24,2025-06-07
,User Property,[Mutiny] null_Get started and sales contact logos for Consumer Tech (SFDC),,any,,VISIBLE,FALSE,any,,,,,,,,,,,,2022-02-24,2025-06-05
,User Property,[Mutiny] null_kunal's test segment,,any,,VISIBLE,FALSE,any,,,,,,,,,,,,2019-06-19,2019-06-27
,User Property,[Mutiny] null_Media (SFDC),,any,,VISIBLE,FALSE,any,,,,,,,,,,,,2019-06-28,2025-05-29
IGNORE,User Property,[Mutiny] null_Online Demo Video Test,,,UNEXPECTED,VISIBLE,FALSE,,,,,,,,,,,,,2022-09-27,2025-06-07
IGNORE,User Property,[Mutiny] null_Online Demo Video Test on Home Page Header,,,UNEXPECTED,VISIBLE,FALSE,,,,,,,,,,,,,2022-09-27,2025-06-06
,User Property,[Mutiny] null_SDR Landing Pages Pilot -v0.1 Segment,,any,,VISIBLE,FALSE,any,,,,,,,,,,,,2019-06-05,2025-03-15
,User Property,[Mutiny] null_Test CTA,,any,,VISIBLE,FALSE,any,,,,,,,,,,,,2019-02-05,2025-06-07
,User Property,[Mutiny] playbook vol 2_all traffic,,any,,VISIBLE,FALSE,any,,,,,,,,,,,,2018-11-29,2025-05-30
IGNORE,User Property,[Mutiny] Pricing Header Test_All Traffic,,,UNEXPECTED,VISIBLE,FALSE,,,,,,,,,,,,,2023-06-01,2023-06-01
,User Property,[Mutiny] Pricing Page - Finance _Financial Services (SFDC),,any,,VISIBLE,FALSE,any,,,,,,,,,,,,2021-03-08,2024-12-30
IGNORE,User Property,[Mutiny] Pricing Page - Remove Subheader Teset_All Traffic,,,UNEXPECTED,VISIBLE,FALSE,,,,,,,,,,,,,2023-02-15,2023-06-21
IGNORE,User Property,[Mutiny] Product Metrics Ungated_Unicorn - Blogs - Ungated,,,UNEXPECTED,VISIBLE,FALSE,,,,,,,,,,,,,2022-12-05,2023-10-27
IGNORE,User Property,[Mutiny] Product Strategy Template_AMER ABM Targets - All,,,UNEXPECTED,VISIBLE,FALSE,,,,,,,,,,,,,2023-04-18,2023-11-28
,User Property,[Mutiny] Promoting Amplify on the blog as a side pop to repeat visitors_On 3rd or more blog visit,,any,,VISIBLE,FALSE,any,,,,,,,,,,,,2022-03-28,2025-06-06
,User Property,[Mutiny] ROI headline_Return visitors who have not converted and viewed high intent pages,,any,,VISIBLE,FALSE,any,,,,,,,,,,,,2021-03-22,2025-06-07
,User Property,[Mutiny] sales-contact_B2B Companies (SFDC),,any,,VISIBLE,FALSE,any,,,,,,,,,,,,2019-06-28,2025-06-07
,User Property,[Mutiny] sales-contact_Consumer Tech (SFDC),,any,,VISIBLE,FALSE,any,,,,,,,,,,,,2019-07-02,2025-06-05
,User Property,[Mutiny] sales-contact_E-Comm/Marketplace (SFDC),,any,,VISIBLE,FALSE,any,,,,,,,,,,,,2019-07-02,2025-05-19
,User Property,[Mutiny] sales-contact_Financial Services (SFDC),,any,,VISIBLE,FALSE,any,,,,,,,,,,,,2019-07-08,2024-07-02
,User Property,[Mutiny] sales-contact_Media (SFDC),,any,,VISIBLE,FALSE,any,,,,,,,,,,,,2019-07-02,2024-04-23
,User Property,[Mutiny] startup pricing page_<1K EEs,,any,,VISIBLE,FALSE,any,,,,,,,,,,,,2021-03-22,2025-06-06
,User Property,[Mutiny] Test_Mutiny Test,,any,,VISIBLE,FALSE,any,,,,,,,,,,,,2022-04-07,2022-04-07
,User Property,[Mutiny] undefined_Mutiny test segment (?utm_term=mutiny-test),,any,,VISIBLE,FALSE,any,,,,,,,,,,,,2021-02-10,2021-02-10
,User Property,[Mutiny] undefined_Test segment (?utm_term=mutiny-test),,any,,VISIBLE,FALSE,any,,,,,,,,,,,,2021-02-09,2021-02-09
,User Property,[Mutiny] undefined_Web vs App Report 5/10/22,,any,,VISIBLE,FALSE,any,,,,,,,,,,,,2022-05-10,2025-06-03
IGNORE,User Property,[Mutiny] Unlock Product Growth ABM_FY23 Q1 AMER ENT Land Efficient Growth ABM (Digital Transformer),,,UNEXPECTED,VISIBLE,FALSE,,,,,,,,,,,,,2023-06-12,2023-06-12
IGNORE,User Property,[Mutiny] Unlock Product Growth Redirect ABM_FY23 Q1 AMER ENT Land Google Analytics ABM - All,,,UNEXPECTED,VISIBLE,FALSE,,,,,,,,,,,,,2023-05-05,2025-06-02
IGNORE,User Property,[Mutiny] Unlock Product Growth_FY23 Q1 AMER ENT Land Efficient Growth ABM (Digital Transformer),,,UNEXPECTED,VISIBLE,FALSE,,,,,,,,,,,,,2023-03-15,2023-03-15
,User Property,[Mutiny] Use cases_B2B & SaaS,,any,,VISIBLE,FALSE,any,,,,,,,,,,,,2018-11-06,2025-06-07
,User Property,[Mutiny] Use cases_Integrations,,any,,VISIBLE,FALSE,any,,,,,,,,,,,,2018-11-06,2025-06-07
,User Property,[Mutiny] Use cases_Mobile,,any,,VISIBLE,FALSE,any,,,,,,,,,,,,2018-11-06,2025-06-06
,User Property,[Mutiny] visitor_id,,any,,VISIBLE,FALSE,any,,,,,,,,,,,,2018-09-16,2025-06-07
IGNORE,User Property,[Mutiny] What is PLG_AMER ABM Targets - All,,,UNEXPECTED,VISIBLE,FALSE,,,,,,,,,,,,,2023-05-09,2025-06-02
IGNORE,User Property,$unset,,,UNEXPECTED,VISIBLE,FALSE,,,,,,,,,,,,,,
IGNORE,User Property,6sense_company_name,,,UNEXPECTED,VISIBLE,FALSE,,,,,,,,,,,,,2022-08-30,2023-09-26
,User Property,ad blocker enabled,,any,,VISIBLE,FALSE,any,,,,,,,,,,,,,
,User Property,age,,any,,VISIBLE,FALSE,any,,,,,,,,,,,,2021-07-28,2021-08-10
,User Property,blog_to_demo_headline,,any,,VISIBLE,FALSE,any,,,,,,,,,,,,,
,User Property,boolean prop example,,any,,VISIBLE,FALSE,any,,,,,,,,,,,,2021-10-05,2021-10-05
,User Property,browser name,,string,,VISIBLE,FALSE,string,,,,,,,,,,,,2021-01-04,2025-06-07
,User Property,browser version,,string,,VISIBLE,FALSE,string,,,,,,,,,,,,2021-01-04,2025-06-07
,User Property,clearbit_alexa_global_rank,,any,,VISIBLE,FALSE,any,,,,,,,,,,,,2019-03-14,2025-06-07
,User Property,clearbit_alexa_us_rank,,any,,VISIBLE,FALSE,any,,,,,,,,,,,,2019-03-14,2025-06-07
,User Property,clearbit_country_code,,any,,VISIBLE,FALSE,any,,,,,,,,,,,,2019-03-14,2025-06-07
,User Property,clearbit_domain,,any,,VISIBLE,FALSE,any,,,,,,,,,,,,2019-03-14,2025-06-07
,User Property,clearbit_estimated_annual_revenue,,any,,VISIBLE,FALSE,any,,,,,,,,,,,,2019-03-12,2025-06-07
,User Property,clearbit_name,,any,,VISIBLE,FALSE,any,,,,,,,,,,,,2019-03-12,2025-06-07
,User Property,clearbit_num_employees,,any,,VISIBLE,FALSE,any,,,,,,,,,,,,2019-03-12,2025-06-07
,User Property,clearbit_parent_alexa_global_rank,,any,,VISIBLE,FALSE,any,,,,,,,,,,,,2019-03-14,2025-06-06
,User Property,clearbit_parent_alexa_us_rank,,any,,VISIBLE,FALSE,any,,,,,,,,,,,,2019-03-14,2025-06-06
,User Property,clearbit_parent_country_code,,any,,VISIBLE,FALSE,any,,,,,,,,,,,,2019-03-14,2025-06-06
,User Property,clearbit_parent_domain,,any,,VISIBLE,FALSE,any,,,,,,,,,,,,2019-03-12,2025-06-06
,User Property,clearbit_parent_estimated_annual_revenue,,any,,VISIBLE,FALSE,any,,,,,,,,,,,,2019-03-14,2025-06-06
,User Property,clearbit_parent_name,,any,,VISIBLE,FALSE,any,,,,,,,,,,,,2019-03-14,2025-06-06
,User Property,clearbit_parent_num_employees,,any,,VISIBLE,FALSE,any,,,,,,,,,,,,2019-03-14,2025-06-06
,User Property,clearbit_parent_parent_domain,,any,,VISIBLE,FALSE,any,,,,,,,,,,,,2019-03-14,2025-06-06
,User Property,clearbit_parent_raised,,any,,VISIBLE,FALSE,any,,,,,,,,,,,,2019-03-14,2025-06-06
,User Property,clearbit_parent_year_founded,,any,,VISIBLE,FALSE,any,,,,,,,,,,,,2019-03-14,2025-06-06
,User Property,clearbit_raised,,any,,VISIBLE,FALSE,any,,,,,,,,,,,,2019-03-12,2025-06-07
,User Property,clearbit_year_founded,,any,,VISIBLE,FALSE,any,,,,,,,,,,,,2019-03-12,2025-06-07
,User Property,Cohort,,any,,VISIBLE,FALSE,any,,,,,,,,,,,,2021-07-22,2021-10-05
,User Property,Contact Converted From Lead,,any,,VISIBLE,FALSE,any,,,,,,,,,,,,2018-12-19,2025-06-07
,User Property,cookies enabled,,boolean,,VISIBLE,FALSE,boolean,,,,,,,,,,,,2021-01-04,2025-06-07
,User Property,Cookies Enabled,,any,,VISIBLE,FALSE,any,,,,,,,,,,,,,
,User Property,corpsite infra,,any,,VISIBLE,FALSE,any,,,,,,,,,,,,2020-07-15,2025-06-07
,User Property,Current Lead Status,,any,,VISIBLE,FALSE,any,,,,,,,,,,,,2018-12-19,2025-06-07
,User Property,Current Opportunity Name,,any,,VISIBLE,FALSE,any,,,,,,,,,,,,2018-11-21,2025-06-07
,User Property,Current Opportunity Stage,,any,,VISIBLE,FALSE,any,,,,,,,,,,,,2018-11-21,2025-06-07
IGNORE,User Property,dclid,,,UNEXPECTED,VISIBLE,FALSE,,,,,,,,,,,,,2022-11-06,2025-04-16
,User Property,device orientation,,string,,VISIBLE,FALSE,string,,,,,,,,,,,,2021-01-04,2025-06-07
,User Property,Device Orientation,,any,,VISIBLE,FALSE,any,,,,,,,,,,,,,
,User Property,document referrer,,string,,VISIBLE,FALSE,string,,,,,,,,,,,,2021-01-04,2025-06-07
,User Property,Document Referrer,,any,,VISIBLE,FALSE,any,,,,,,,,,,,,,
IGNORE,User Property,document referrer.flow.source.meta,,,UNEXPECTED,VISIBLE,FALSE,,,,,,,,,,,,,2023-05-10,2023-05-10
IGNORE,User Property,document referrer.flow.strict,,,UNEXPECTED,VISIBLE,FALSE,,,,,,,,,,,,,2023-05-10,2023-05-10
,User Property,drift_experiment_a,,any,,VISIBLE,FALSE,any,,,,,,,,,,,,,
,User Property,drift_experiment_amplify_2019_ca_promo,,any,,VISIBLE,FALSE,any,,,,,,,,,,,,2019-09-18,2025-06-07
,User Property,drift_experiment_b,,any,,VISIBLE,FALSE,any,,,,,,,,,,,,,
,User Property,drift_experiment_blog_subscription_modal,,any,,VISIBLE,FALSE,any,,,,,,,,,,,,2019-07-24,2025-06-07
,User Property,drift_experiment_blog_to_demo_exit_intent,,any,,VISIBLE,FALSE,any,,,,,,,,,,,,2019-01-31,2025-06-07
,User Property,drift_experiment_blog_to_demo_headline,,any,,VISIBLE,FALSE,any,,,,,,,,,,,,2019-01-24,2025-06-07
,User Property,drift_experiment_get_personalized_demo,,any,,VISIBLE,FALSE,any,,,,,,,,,,,,2019-03-14,2025-06-07
,User Property,experiment: anon kudu short contact sales form,,any,,VISIBLE,FALSE,any,,,,,,,,,,,,2019-03-01,2025-06-06
,User Property,experiment: blog cta - enter demo,,any,,VISIBLE,FALSE,any,,,,,,,,,,,,2019-08-24,2025-06-06
,User Property,experiment: corp site infra exp,,any,,VISIBLE,FALSE,any,,,,,,,,,,,,2019-08-13,2025-06-07
,User Property,experiment: corp site infra exp (/* set cookie),,any,,VISIBLE,FALSE,any,,,,,,,,,,,,2019-08-09,2025-06-06
,User Property,experiment: corp site infra exp (/* set cookie) v0.1,,any,,VISIBLE,FALSE,any,,,,,,,,,,,,2019-08-13,2025-06-06
,User Property,experiment: corp site infra exp (redirect B),,any,,VISIBLE,FALSE,any,,,,,,,,,,,,2019-08-13,2025-05-28
,User Property,experiment: corp site infra exp (redirect C),,any,,VISIBLE,FALSE,any,,,,,,,,,,,,2019-08-13,2025-05-27
,User Property,experiment: corp site infra exp v0.1,,any,,VISIBLE,FALSE,any,,,,,,,,,,,,2019-08-13,2025-06-07
,User Property,experiment: corp site infra experiment (redirect B),,any,,VISIBLE,FALSE,any,,,,,,,,,,,,,
,User Property,experiment: Dynamic Contact Sales,,any,,VISIBLE,FALSE,any,,,,,,,,,,,,2019-04-04,2025-06-07
,User Property,experiment: Dynamic Contact Sales (local),,any,,VISIBLE,FALSE,any,,,,,,,,,,,,,
,User Property,experiment: Dynamic Contact Sales 1.1,,any,,VISIBLE,FALSE,any,,,,,,,,,,,,2019-04-09,2025-06-07
,User Property,experiment: exec friendly homepage exp (/* set cookie) v0,,any,,VISIBLE,FALSE,any,,,,,,,,,,,,2019-08-21,2025-06-07
,User Property,experiment: exec friendly homepage exp v0,,any,,VISIBLE,FALSE,any,,,,,,,,,,,,2019-08-21,2025-06-07
,User Property,experiment: Growth Engine Video Test,,any,,VISIBLE,FALSE,any,,,,,,,,,,,,2019-05-21,2025-06-07
,User Property,experiment: Home Page Redirect test,,any,,VISIBLE,FALSE,any,,,,,,,,,,,,2020-04-08,2025-06-07
,User Property,experiment: Homepage Demo CTA,,any,,VISIBLE,FALSE,any,,,,,,,,,,,,2019-02-09,2025-06-07
,User Property,experiment: Homepage Demo CTA v0.1,,any,,VISIBLE,FALSE,any,,,,,,,,,,,,2019-06-04,2025-06-07
,User Property,experiment: Latency Test,,any,,VISIBLE,FALSE,any,,,,,,,,,,,,2020-04-03,2024-08-14
,User Property,experiment: new-org-activation-form,,any,,VISIBLE,FALSE,any,,,,,,,,,,,,2021-07-21,2025-06-04
,User Property,experiment: Retain Homepage Experiment,,any,,VISIBLE,FALSE,any,,,,,,,,,,,,2020-04-09,2025-06-07
,User Property,experiment: Simplified Homepage,,any,,VISIBLE,FALSE,any,,,,,,,,,,,,2019-07-03,2025-06-07
,User Property,experiment: Simplified Homepage (local),,any,,VISIBLE,FALSE,any,,,,,,,,,,,,,
,User Property,experiment: simplified homepage v0.1,,any,,VISIBLE,FALSE,any,,,,,,,,,,,,2019-07-11,2025-06-07
,User Property,experiment: simplified homepage v0.2,,any,,VISIBLE,FALSE,any,,,,,,,,,,,,2019-07-24,2025-06-07
,User Property,experiment: simplified homepage v0.2 (local),,any,,VISIBLE,FALSE,any,,,,,,,,,,,,2019-08-09,2024-09-30
,User Property,experimentId,,any,,VISIBLE,FALSE,any,,,,,,,,,,,,,
IGNORE,User Property,fbclid,,,UNEXPECTED,VISIBLE,FALSE,,,,,,,,,,,,,2022-10-13,2025-06-07
IGNORE,User Property,gbraid,,,UNEXPECTED,VISIBLE,FALSE,,,,,,,,,,,,,2023-04-21,2025-06-07
,User Property,gclid,,any,,VISIBLE,FALSE,any,,,,,,,,,,,,2018-07-04,2025-06-07
,User Property,gender,,any,,VISIBLE,FALSE,any,,,,,,,,,,,,2021-07-28,2021-08-10
IGNORE,User Property,global:[Experiment] feature-exp-product-page_10292024,,,UNEXPECTED,VISIBLE,FALSE,,,,,,,,,,,,,2024-10-29,2025-06-06
IGNORE,User Property,global:[Experiment] q125-blog-conversion-drivers-sidepanel-cta,,,UNEXPECTED,VISIBLE,FALSE,,,,,,,,,,,,,2025-04-01,2025-06-06
IGNORE,User Property,global:[Experiment] q424-ai-generated-headlines-on-get-started,,,UNEXPECTED,VISIBLE,FALSE,,,,,,,,,,,,,2024-11-06,2025-06-06
IGNORE,User Property,global:[Experiment] q424-explore-demo-cta,,,UNEXPECTED,VISIBLE,FALSE,,,,,,,,,,,,,2024-09-19,2025-06-07
IGNORE,User Property,global:[Experiment] q424-request-a-demo-experiment,,,UNEXPECTED,VISIBLE,FALSE,,,,,,,,,,,,,2024-10-29,2025-06-07
IGNORE,User Property,global:[Experiment] redirect-web-experiement,,,UNEXPECTED,VISIBLE,FALSE,,,,,,,,,,,,,2024-08-20,2024-08-27
IGNORE,User Property,global:[Experiment] request-a-demo-form-cta,,,UNEXPECTED,VISIBLE,FALSE,,,,,,,,,,,,,2024-10-28,2025-06-06
IGNORE,User Property,global:[Experiment] test-experiment-page,,,UNEXPECTED,VISIBLE,FALSE,,,,,,,,,,,,,2024-08-20,2024-10-16
IGNORE,User Property,global:[Experiment] test-experiment-web-sanity-override,,,UNEXPECTED,VISIBLE,FALSE,,,,,,,,,,,,,2024-08-20,2024-08-20
IGNORE,User Property,global:[Experiment] web-ex-redir-test,,,UNEXPECTED,VISIBLE,FALSE,,,,,,,,,,,,,2024-08-20,2024-08-21
IGNORE,User Property,global:[Experiment] web-experiment-page-test,,,UNEXPECTED,VISIBLE,FALSE,,,,,,,,,,,,,2024-11-02,2025-06-06
IGNORE,User Property,global:[Experiment] xyztesting123-web-experiment,,,UNEXPECTED,VISIBLE,FALSE,,,,,,,,,,,,,2024-09-04,2024-09-04
IGNORE,User Property,global:dclid,,,UNEXPECTED,VISIBLE,FALSE,,,,,,,,,,,,,2024-03-02,2025-04-16
IGNORE,User Property,global:fbclid,,,UNEXPECTED,VISIBLE,FALSE,,,,,,,,,,,,,2024-01-24,2025-06-04
IGNORE,User Property,global:gbraid,,,UNEXPECTED,VISIBLE,FALSE,,,,,,,,,,,,,2024-01-27,2025-06-07
IGNORE,User Property,global:gclid,,,UNEXPECTED,VISIBLE,FALSE,,,,,,,,,,,,,2024-01-24,2025-06-07
IGNORE,User Property,global:initial_dclid,,,UNEXPECTED,VISIBLE,FALSE,,,,,,,,,,,,,2024-01-24,2025-06-07
IGNORE,User Property,global:initial_fbclid,,,UNEXPECTED,VISIBLE,FALSE,,,,,,,,,,,,,2024-01-24,2025-06-07
IGNORE,User Property,global:initial_gbraid,,,UNEXPECTED,VISIBLE,FALSE,,,,,,,,,,,,,2024-01-24,2025-06-07
IGNORE,User Property,global:initial_gclid,,,UNEXPECTED,VISIBLE,FALSE,,,,,,,,,,,,,2024-01-24,2025-06-07
IGNORE,User Property,global:initial_ko_click_id,,,UNEXPECTED,VISIBLE,FALSE,,,,,,,,,,,,,2024-01-24,2025-06-07
IGNORE,User Property,global:initial_li_fat_id,,,UNEXPECTED,VISIBLE,FALSE,,,,,,,,,,,,,2024-01-24,2025-06-07
IGNORE,User Property,global:initial_msclkid,,,UNEXPECTED,VISIBLE,FALSE,,,,,,,,,,,,,2024-01-24,2025-06-07
IGNORE,User Property,global:initial_referrer,,,UNEXPECTED,VISIBLE,FALSE,,,,,,,,,,,,,2024-01-24,2025-06-07
IGNORE,User Property,global:initial_referring_domain,,,UNEXPECTED,VISIBLE,FALSE,,,,,,,,,,,,,2024-01-24,2025-06-07
IGNORE,User Property,global:initial_rtd_cid,,,UNEXPECTED,VISIBLE,FALSE,,,,,,,,,,,,,2024-01-24,2025-06-07
IGNORE,User Property,global:initial_ttclid,,,UNEXPECTED,VISIBLE,FALSE,,,,,,,,,,,,,2024-01-24,2025-06-07
IGNORE,User Property,global:initial_twclid,,,UNEXPECTED,VISIBLE,FALSE,,,,,,,,,,,,,2024-01-24,2025-06-07
IGNORE,User Property,global:initial_utm_campaign,,,UNEXPECTED,VISIBLE,FALSE,,,,,,,,,,,,,2024-01-24,2025-06-07
IGNORE,User Property,global:initial_utm_content,,,UNEXPECTED,VISIBLE,FALSE,,,,,,,,,,,,,2024-01-24,2025-06-07
IGNORE,User Property,global:initial_utm_id,,,UNEXPECTED,VISIBLE,FALSE,,,,,,,,,,,,,2024-01-24,2025-06-07
IGNORE,User Property,global:initial_utm_medium,,,UNEXPECTED,VISIBLE,FALSE,,,,,,,,,,,,,2024-01-24,2025-06-07
IGNORE,User Property,global:initial_utm_source,,,UNEXPECTED,VISIBLE,FALSE,,,,,,,,,,,,,2024-01-24,2025-06-07
IGNORE,User Property,global:initial_utm_term,,,UNEXPECTED,VISIBLE,FALSE,,,,,,,,,,,,,2024-01-24,2025-06-07
IGNORE,User Property,global:initial_wbraid,,,UNEXPECTED,VISIBLE,FALSE,,,,,,,,,,,,,2024-01-24,2025-06-07
IGNORE,User Property,global:ko_click_id,,,UNEXPECTED,VISIBLE,FALSE,,,,,,,,,,,,,2025-01-29,2025-01-29
IGNORE,User Property,global:li_fat_id,,,UNEXPECTED,VISIBLE,FALSE,,,,,,,,,,,,,2024-01-25,2025-06-07
IGNORE,User Property,global:msclkid,,,UNEXPECTED,VISIBLE,FALSE,,,,,,,,,,,,,2024-02-05,2025-05-18
IGNORE,User Property,global:referrer,,,UNEXPECTED,VISIBLE,FALSE,,,,,,,,,,,,,2024-01-24,2025-06-07
IGNORE,User Property,global:referring_domain,,,UNEXPECTED,VISIBLE,FALSE,,,,,,,,,,,,,2024-01-24,2025-06-07
IGNORE,User Property,global:rtd_cid,,,UNEXPECTED,VISIBLE,FALSE,,,,,,,,,,,,,2024-11-03,2025-01-29
IGNORE,User Property,global:ttclid,,,UNEXPECTED,VISIBLE,FALSE,,,,,,,,,,,,,2024-03-31,2025-05-20
IGNORE,User Property,global:twclid,,,UNEXPECTED,VISIBLE,FALSE,,,,,,,,,,,,,2024-03-02,2025-05-19
IGNORE,User Property,global:utm_campaign,,,UNEXPECTED,VISIBLE,FALSE,,,,,,,,,,,,,2024-01-24,2025-06-07
IGNORE,User Property,global:utm_content,,,UNEXPECTED,VISIBLE,FALSE,,,,,,,,,,,,,2024-01-24,2025-06-07
IGNORE,User Property,global:utm_id,,,UNEXPECTED,VISIBLE,FALSE,,,,,,,,,,,,,2024-01-25,2025-05-30
IGNORE,User Property,global:utm_medium,,,UNEXPECTED,VISIBLE,FALSE,,,,,,,,,,,,,2024-01-24,2025-06-07
IGNORE,User Property,global:utm_source,,,UNEXPECTED,VISIBLE,FALSE,,,,,,,,,,,,,2024-01-24,2025-06-07
IGNORE,User Property,global:utm_term,,,UNEXPECTED,VISIBLE,FALSE,,,,,,,,,,,,,2024-01-24,2025-06-07
IGNORE,User Property,global:wbraid,,,UNEXPECTED,VISIBLE,FALSE,,,,,,,,,,,,,2024-01-24,2025-05-29
,User Property,has_seen_pricing,,any,,VISIBLE,FALSE,any,,,,,,,,,,,,,
,User Property,has_viewed_pricing,,any,,VISIBLE,FALSE,any,,,,,,,,,,,,2019-04-08,2025-06-06
IGNORE,User Property,initial_dclid,,,UNEXPECTED,VISIBLE,FALSE,,,,,,,,,,,,,2022-10-05,2025-06-07
IGNORE,User Property,initial_fbclid,,,UNEXPECTED,VISIBLE,FALSE,,,,,,,,,,,,,2022-10-05,2025-06-07
IGNORE,User Property,initial_gbraid,,,UNEXPECTED,VISIBLE,FALSE,,,,,,,,,,,,,2022-10-05,2025-06-07
,User Property,initial_gclid,,any,,VISIBLE,FALSE,any,,,,,,,,,,,,2018-07-04,2025-06-07
IGNORE,User Property,initial_ko_click_id,,,UNEXPECTED,VISIBLE,FALSE,,,,,,,,,,,,,2022-10-05,2025-06-07
IGNORE,User Property,initial_li_fat_id,,,UNEXPECTED,VISIBLE,FALSE,,,,,,,,,,,,,2023-05-15,2025-06-07
IGNORE,User Property,initial_msclkid,,,UNEXPECTED,VISIBLE,FALSE,,,,,,,,,,,,,2022-10-05,2025-06-07
,User Property,initial_referrer,,any,,VISIBLE,FALSE,any,,,,,,,,,,,,2018-06-29,2025-06-07
IGNORE,User Property,initial_referrer.flow.source.meta,,,UNEXPECTED,VISIBLE,FALSE,,,,,,,,,,,,,2023-05-10,2023-05-10
IGNORE,User Property,initial_referrer.flow.strict,,,UNEXPECTED,VISIBLE,FALSE,,,,,,,,,,,,,2023-05-10,2023-05-10
IGNORE,User Property,initial_referrer.flow.value,,,UNEXPECTED,VISIBLE,FALSE,,,,,,,,,,,,,2023-05-10,2023-05-10
,User Property,initial_referring_domain,,any,,VISIBLE,FALSE,any,,,,,,,,,,,,2018-06-29,2025-06-07
IGNORE,User Property,initial_rtd_cid,,,UNEXPECTED,VISIBLE,FALSE,,,,,,,,,,,,,2023-05-15,2025-06-07
IGNORE,User Property,initial_ttclid,,,UNEXPECTED,VISIBLE,FALSE,,,,,,,,,,,,,2022-10-05,2025-06-07
IGNORE,User Property,initial_twclid,,,UNEXPECTED,VISIBLE,FALSE,,,,,,,,,,,,,2022-10-05,2025-06-07
,User Property,initial_utm_campaign,,any,,VISIBLE,FALSE,any,,,,,,,,,,,,2018-06-30,2025-06-07
,User Property,initial_utm_content,,any,,VISIBLE,FALSE,any,,,,,,,,,,,,2018-07-04,2025-06-07
IGNORE,User Property,initial_utm_id,,,UNEXPECTED,VISIBLE,FALSE,,,,,,,,,,,,,2022-11-28,2025-06-07
,User Property,initial_utm_medium,,any,,VISIBLE,FALSE,any,,,,,,,,,,,,2018-06-30,2025-06-07
,User Property,initial_utm_source,,any,,VISIBLE,FALSE,any,,,,,,,,,,,,2018-06-30,2025-06-07
,User Property,initial_utm_term,,any,,VISIBLE,FALSE,any,,,,,,,,,,,,2018-07-04,2025-06-07
IGNORE,User Property,initial_wbraid,,,UNEXPECTED,VISIBLE,FALSE,,,,,,,,,,,,,2022-10-05,2025-06-07
,User Property,interests,,any,,VISIBLE,FALSE,any,,,,,,,,,,,,2021-07-28,2021-08-10
,User Property,is bot,,boolean,,VISIBLE,FALSE,boolean,,,,,,,,,,,,2021-01-05,2025-06-07
,User Property,language,,string,,VISIBLE,FALSE,string,,,,,,,,,,,,2021-01-04,2025-06-07
,User Property,Language,,any,,VISIBLE,FALSE,any,,,,,,,,,,,,,
,User Property,Last Campaign,,any,,VISIBLE,FALSE,any,,,,,,,,,,,,2018-12-24,2025-06-07
,User Property,Last Lead Source,,any,,VISIBLE,FALSE,any,,,,,,,,,,,,2018-12-24,2025-06-07
,User Property,Lead Account Name,,any,,VISIBLE,FALSE,any,,,,,,,,,,,,2018-12-19,2025-05-27
,User Property,Lead Company,,any,,VISIBLE,FALSE,any,,,,,,,,,,,,2018-12-19,2025-06-07
,User Property,Lead Customer Fit Score,,any,,VISIBLE,FALSE,any,,,,,,,,,,,,2018-12-19,2025-02-03
,User Property,Lead Customer Fit Segment,,any,,VISIBLE,FALSE,any,,,,,,,,,,,,2018-12-19,2025-02-03
,User Property,Lead Id,,any,,VISIBLE,FALSE,any,,,,,,,,,,,,2019-03-27,2025-06-07
,User Property,Lead MadKudu Fit Score,,any,,VISIBLE,FALSE,any,,,,,,,,,,,,2018-12-24,2025-06-07
,User Property,Lead MadKudu Fit Segment,,any,,VISIBLE,FALSE,any,,,,,,,,,,,,2018-12-24,2025-06-07
,User Property,Lead Market Segment,,any,,VISIBLE,FALSE,any,,,,,,,,,,,,2018-12-19,2025-06-07
,User Property,Lead Name,,any,,VISIBLE,FALSE,any,,,,,,,,,,,,2018-12-19,2025-06-07
,User Property,Lead Owner Email,,any,,VISIBLE,FALSE,any,,,,,,,,,,,,2018-12-19,2025-06-07
,User Property,Lead Owner Name,,any,,VISIBLE,FALSE,any,,,,,,,,,,,,2018-12-19,2025-06-07
,User Property,Lead Region,,any,,VISIBLE,FALSE,any,,,,,,,,,,,,2018-12-19,2025-06-07
,User Property,Lead Source,,any,,VISIBLE,FALSE,any,,,,,,,,,,,,2018-12-24,2025-06-07
IGNORE,User Property,li_fat_id,,,UNEXPECTED,VISIBLE,FALSE,,,,,,,,,,,,,2023-05-23,2025-06-07
,User Property,madkudu - customer fit segment,,any,,VISIBLE,FALSE,any,,,,,,,,,,,,2019-03-28,2025-06-07
,User Property,MadKudu Lead Grade Score,,any,,VISIBLE,FALSE,any,,,,,,,,,,,,2019-01-29,2025-06-07
,User Property,MadKudu Lead Grade Segment,,any,,VISIBLE,FALSE,any,,,,,,,,,,,,2019-01-29,2025-06-07
,User Property,MadKudu Likelihood to Buy Score,,any,,VISIBLE,FALSE,any,,,,,,,,,,,,2019-01-29,2025-06-07
,User Property,MadKudu Likelihood to Buy Segment,,any,,VISIBLE,FALSE,any,,,,,,,,,,,,2019-01-29,2025-06-07
,User Property,madkudu_anonymous_customer_fit,,any,,VISIBLE,FALSE,any,,,,,,,,,,,,2019-03-01,2025-06-07
,User Property,madkudu_anonymous_customer_fit_parent_domain,,any,,VISIBLE,FALSE,any,,,,,,,,,,,,2019-03-14,2025-06-06
IGNORE,User Property,msclkid,,,UNEXPECTED,VISIBLE,FALSE,,,,,,,,,,,,,2022-10-12,2025-05-18
,User Property,number array prop example,,any,,VISIBLE,FALSE,any,,,,,,,,,,,,2021-10-05,2021-10-05
,User Property,number prop example,,any,,VISIBLE,FALSE,any,,,,,,,,,,,,2021-10-05,2021-10-05
,User Property,page title,,string,,VISIBLE,FALSE,string,,,,,,,,,,,,2021-01-04,2025-06-07
,User Property,Page Title,,any,,VISIBLE,FALSE,any,,,,,,,,,,,,,
,User Property,partnerstack partner key,,string,,VISIBLE,FALSE,string,,,,,,,,,,,,2024-10-29,2025-06-07
,User Property,pixel density,,string,,VISIBLE,FALSE,string,,,,,,,,,,,,2021-01-04,2025-06-07
,User Property,Pixel Density,,any,,VISIBLE,FALSE,any,,,,,,,,,,,,,
,User Property,Previous Contact Converted From Lead,,any,,VISIBLE,FALSE,any,,,,,,,,,,,,2019-05-21,2025-03-29
,User Property,Previous Current Lead Status,,any,,VISIBLE,FALSE,any,,,,,,,,,,,,2019-05-03,2025-06-07
,User Property,Previous Current Opportunity Name,,any,,VISIBLE,FALSE,any,,,,,,,,,,,,2019-05-06,2025-06-07
,User Property,Previous Current Opportunity Stage,,any,,VISIBLE,FALSE,any,,,,,,,,,,,,2019-05-04,2025-06-07
,User Property,Previous Last Campaign,,any,,VISIBLE,FALSE,any,,,,,,,,,,,,2019-05-03,2025-06-07
,User Property,Previous Last Lead Source,,any,,VISIBLE,FALSE,any,,,,,,,,,,,,2019-05-03,2025-06-07
,User Property,Previous Lead Company,,any,,VISIBLE,FALSE,any,,,,,,,,,,,,2019-05-03,2025-06-07
,User Property,Previous Lead MadKudu Fit Score,,any,,VISIBLE,FALSE,any,,,,,,,,,,,,2019-05-03,2025-06-07
,User Property,Previous Lead MadKudu Fit Segment,,any,,VISIBLE,FALSE,any,,,,,,,,,,,,2019-05-03,2025-06-07
,User Property,Previous Lead Market Segment,,any,,VISIBLE,FALSE,any,,,,,,,,,,,,2019-05-03,2025-06-06
,User Property,Previous Lead Region,,any,,VISIBLE,FALSE,any,,,,,,,,,,,,2019-05-03,2025-06-07
,User Property,Previous Lead Source,,any,,VISIBLE,FALSE,any,,,,,,,,,,,,2019-05-03,2025-06-07
,User Property,Previous MadKudu Lead Grade Score,,any,,VISIBLE,FALSE,any,,,,,,,,,,,,2019-05-04,2025-06-07
,User Property,Previous MadKudu Lead Grade Segment,,any,,VISIBLE,FALSE,any,,,,,,,,,,,,2019-05-04,2025-06-07
,User Property,Previous MadKudu Likelihood to Buy Score,,any,,VISIBLE,FALSE,any,,,,,,,,,,,,2019-05-04,2025-06-07
,User Property,Previous MadKudu Likelihood to Buy Segment,,any,,VISIBLE,FALSE,any,,,,,,,,,,,,2019-05-04,2025-06-07
,User Property,recaptcha v3 score,,any,,VISIBLE,FALSE,any,,,,,,,,,,,,2019-09-05,2025-06-07
,User Property,referrer,,any,,VISIBLE,FALSE,any,,,,,,,,,,,,2018-06-29,2025-06-07
,User Property,referring_domain,,any,,VISIBLE,FALSE,any,,,,,,,,,,,,2018-06-29,2025-06-07
,User Property,resolution height,,number,,VISIBLE,FALSE,number,,,,,,,,,,,,2019-07-11,2025-06-07
,User Property,resolution width,,number,,VISIBLE,FALSE,number,,,,,,,,,,,,2019-07-11,2025-06-07
IGNORE,User Property,rtd_cid,,,UNEXPECTED,VISIBLE,FALSE,,,,,,,,,,,,,2024-11-03,2025-01-29
,User Property,Salesforce Object Type,,any,,VISIBLE,FALSE,any,,,,,,,,,,,,2018-12-24,2025-06-07
,User Property,string array prop example,,any,,VISIBLE,FALSE,any,,,,,,,,,,,,2021-10-05,2021-10-05
,User Property,string prop example,,any,,VISIBLE,FALSE,any,,,,,,,,,,,,2021-10-05,2021-10-05
,User Property,Task Account Name,,any,,VISIBLE,FALSE,any,,,,,,,,,,,,2019-05-03,2025-06-07
,User Property,timezone,,string,,VISIBLE,FALSE,string,,,,,,,,,,,,2021-01-04,2025-06-07
,User Property,Timezone,,any,,VISIBLE,FALSE,any,,,,,,,,,,,,,
,User Property,timezone offset,,string,,VISIBLE,FALSE,string,,,,,,,,,,,,2021-01-04,2025-06-07
,User Property,Timezone Offset,,any,,VISIBLE,FALSE,any,,,,,,,,,,,,,
,User Property,traffic source,,any,,VISIBLE,FALSE,any,,,,,,,,,,,,2021-01-04,2025-06-07
IGNORE,User Property,ttclid,,,UNEXPECTED,VISIBLE,FALSE,,,,,,,,,,,,,2024-03-31,2025-05-20
IGNORE,User Property,twclid,,,UNEXPECTED,VISIBLE,FALSE,,,,,,,,,,,,,2023-03-03,2025-05-19
,User Property,user_prop1,,any,,VISIBLE,FALSE,any,,,,,,,,,,,,,
,User Property,utm_campaign,,any,,VISIBLE,FALSE,any,,,,,,,,,,,,2018-06-30,2025-06-07
,User Property,utm_content,,any,,VISIBLE,FALSE,any,,,,,,,,,,,,2018-07-04,2025-06-07
,User Property,utm_id,,string,,VISIBLE,FALSE,string,,,,,,,,,,,,2022-11-30,2025-06-07
,User Property,utm_medium,,any,,VISIBLE,FALSE,any,,,,,,,,,,,,2018-06-30,2025-06-07
,User Property,utm_source,,any,,VISIBLE,FALSE,any,,,,,,,,,,,,2018-06-30,2025-06-07
,User Property,utm_term,,any,,VISIBLE,FALSE,any,,,,,,,,,,,,2018-07-04,2025-06-07
,User Property,viewed_contact_sales,,any,,VISIBLE,FALSE,any,,,,,,,,,,,,,
,User Property,viewed_pricing,,any,,VISIBLE,FALSE,any,,,,,,,,,,,,,
,User Property,viewed_pricing_page,,any,,VISIBLE,FALSE,any,,,,,,,,,,,,,
,User Property,viewport height,,number,,VISIBLE,FALSE,number,,,,,,,,,,,,2021-01-04,2025-06-07
,User Property,Viewport Height,,any,,VISIBLE,FALSE,any,,,,,,,,,,,,,
,User Property,viewport width,,number,,VISIBLE,FALSE,number,,,,,,,,,,,,2021-01-04,2025-06-07
,User Property,Viewport Width,,any,,VISIBLE,FALSE,any,,,,,,,,,,,,,
IGNORE,User Property,wbraid,,,UNEXPECTED,VISIBLE,FALSE,,,,,,,,,,,,,2022-10-14,2025-06-06
